"rgn_id","sum_extent_km2_pts"
133,77.6953276482293
135,574.088175107456
136,1.09756864396475
164,81.2188162754111
